{
  "services\\__init__.py": 1777160467.1682272,
  "services\\compliance\\agent.py": 1777164924.1842983,
  "services\\compliance\\api.py": 1777171413.1248307,
  "services\\compliance\\__init__.py": 1777164915.2855363,
  "services\\listing\\agent.py": 1777161134.724552,
  "services\\listing\\api.py": 1777171403.2081044,
  "services\\listing\\demo.py": 1777167210.010659,
  "services\\listing\\pipeline.py": 1777167172.0077846,
  "services\\listing\\__init__.py": 1777160467.2015014,
  "services\\pricing\\agent.py": 1777166037.9900527,
  "services\\pricing\\api.py": 1777171424.935634,
  "services\\pricing\\grounding.py": 1777170743.158439,
  "services\\pricing\\__init__.py": 1777166016.2609172,
  "shared\\a2a.py": 1777171395.206613,
  "shared\\auth.py": 1777161898.5528212,
  "shared\\config.py": 1777167190.7283497,
  "shared\\db.py": 1777162372.5166347,
  "shared\\db_init.py": 1777161889.7636282,
  "shared\\schemas.py": 1777167183.1114142,
  "shared\\seed_historical_sales.py": 1777166016.2100968,
  "shared\\tracing.py": 1777173831.7669525,
  "shared\\__init__.py": 1777160402.5776508,
  "shared\\prompts\\system.py": 1777160462.1264706,
  "shared\\prompts\\__init__.py": 1777160406.432943,
  "tests\\conftest.py": 1777174821.893829,
  "tests\\smoke_test_modes.py": 1777174864.2582219,
  "tests\\__init__.py": 1777174810.8399105,
  "README.md": 1777232122.8830702,
  "requirements.txt": 1777174869.026738,
  "TRACK3_MIGRATION_PLAN.md": 1777232130.1441052,
  "static\\surplusas-merchant-demo.html": 1777164280.4351265,
  "static\\demo\\samples\\bakery.webp": 1777164280.15433,
  "static\\demo\\samples\\dairy.webp": 1777164280.1748672,
  "static\\demo\\samples\\hot-food.webp": 1777164280.1966202,
  "static\\demo\\samples\\mixed-inventory.webp": 1777164280.2166038,
  "static\\demo\\samples\\pantry.webp": 1777164280.2356753,
  "static\\demo\\samples\\prepared-meals.webp": 1777164280.2581058,
  "static\\demo\\samples\\produce.webp": 1777164280.2900536,
  "static\\demo\\samples\\single-item.webp": 1777164280.3185003
}